frame.time_epoch	frame.len	eth.src	eth.dst	ip.src	ip.dst	tcp.srcport	tcp.dstport	udp.srcport	udp.dstport	icmp.type	icmp.code	arp.opcode	arp.src.hw_mac	arp.src.proto_ipv4	arp.dst.hw_mac	arp.dst.proto_ipv4	ipv6.src	ipv6.dst
1778195752.075843000	151					55039	1883										::1	::1
1778195752.075922000	64					1883	55039										::1	::1
1778195752.576931000	151					55039	1883										::1	::1
1778195752.577015000	64					1883	55039										::1	::1
1778195753.078422000	151					55039	1883										::1	::1
1778195753.078503000	64					1883	55039										::1	::1
1778195753.579563000	150					55039	1883										::1	::1
1778195753.579633000	64					1883	55039										::1	::1
1778195754.080377000	150					55039	1883										::1	::1
1778195754.080456000	64					1883	55039										::1	::1
1778195754.581910000	150					55039	1883										::1	::1
1778195754.581988000	64					1883	55039										::1	::1
1778195755.082882000	150					55039	1883										::1	::1
1778195755.082964000	64					1883	55039										::1	::1
1778195755.583562000	148					55039	1883										::1	::1
1778195755.583649000	64					1883	55039										::1	::1
1778195756.115850000	151					55039	1883										::1	::1
1778195756.115891000	64					1883	55039										::1	::1
1778195756.616586000	150					55039	1883										::1	::1
1778195756.616667000	64					1883	55039										::1	::1
1778195757.118150000	149					55039	1883										::1	::1
1778195757.118247000	64					1883	55039										::1	::1
1778195757.618838000	150					55039	1883										::1	::1
1778195757.618924000	64					1883	55039										::1	::1
1778195758.126451000	150					55039	1883										::1	::1
1778195758.126556000	64					1883	55039										::1	::1
1778195758.632083000	149					55039	1883										::1	::1
1778195758.632162000	64					1883	55039										::1	::1
1778195759.133512000	149					55039	1883										::1	::1
1778195759.133603000	64					1883	55039										::1	::1
1778195759.634805000	150					55039	1883										::1	::1
1778195759.634896000	64					1883	55039										::1	::1
1778195760.135482000	150					55039	1883										::1	::1
1778195760.135518000	64					1883	55039										::1	::1
1778195760.636305000	149					55039	1883										::1	::1
1778195760.636373000	64					1883	55039										::1	::1
1778195761.137798000	150					55039	1883										::1	::1
1778195761.137863000	64					1883	55039										::1	::1
1778195761.638536000	150					55039	1883										::1	::1
1778195761.638618000	64					1883	55039										::1	::1
1778195762.140067000	149					55039	1883										::1	::1
1778195762.140157000	64					1883	55039										::1	::1
1778195762.640904000	150					55039	1883										::1	::1
1778195762.641006000	64					1883	55039										::1	::1
1778195763.141780000	150					55039	1883										::1	::1
1778195763.141849000	64					1883	55039										::1	::1
1778195763.642965000	149					55039	1883										::1	::1
1778195763.643037000	64					1883	55039										::1	::1
1778195764.143704000	150					55039	1883										::1	::1
1778195764.143764000	64					1883	55039										::1	::1
1778195764.644415000	150					55039	1883										::1	::1
1778195764.644474000	64					1883	55039										::1	::1
1778195765.168520000	149					55039	1883										::1	::1
1778195765.168613000	64					1883	55039										::1	::1
1778195765.670512000	150					55039	1883										::1	::1
1778195765.670590000	64					1883	55039										::1	::1
1778195766.171256000	151					55039	1883										::1	::1
1778195766.171339000	64					1883	55039										::1	::1
1778195766.672316000	150					55039	1883										::1	::1
1778195766.672373000	64					1883	55039										::1	::1
1778195767.173303000	148					55039	1883										::1	::1
1778195767.173377000	64					1883	55039										::1	::1
1778195767.674326000	134					55039	1883										::1	::1
1778195767.674397000	64					1883	55039										::1	::1
1778195767.676057000	134					55039	1883										::1	::1
1778195767.676106000	64					1883	55039										::1	::1
1778195767.677532000	134					55039	1883										::1	::1
1778195767.677577000	64					1883	55039										::1	::1
1778195767.679605000	134					55039	1883										::1	::1
1778195767.679655000	64					1883	55039										::1	::1
1778195767.681096000	134					55039	1883										::1	::1
1778195767.681130000	64					1883	55039										::1	::1
1778195767.683827000	134					55039	1883										::1	::1
1778195767.683891000	64					1883	55039										::1	::1
1778195767.685800000	134					55039	1883										::1	::1
1778195767.685850000	64					1883	55039										::1	::1
1778195767.687533000	134					55039	1883										::1	::1
1778195767.687575000	64					1883	55039										::1	::1
1778195767.689060000	134					55039	1883										::1	::1
1778195767.689104000	64					1883	55039										::1	::1
1778195767.690573000	134					55039	1883										::1	::1
1778195767.690612000	64					1883	55039										::1	::1
1778195767.691915000	134					55039	1883										::1	::1
1778195767.691949000	64					1883	55039										::1	::1
1778195767.693268000	134					55039	1883										::1	::1
1778195767.693307000	64					1883	55039										::1	::1
1778195767.694677000	134					55039	1883										::1	::1
1778195767.694721000	64					1883	55039										::1	::1
1778195767.696440000	134					55039	1883										::1	::1
1778195767.696473000	64					1883	55039										::1	::1
1778195767.697871000	134					55039	1883										::1	::1
1778195767.697898000	64					1883	55039										::1	::1
1778195767.699204000	134					55039	1883										::1	::1
1778195767.699229000	64					1883	55039										::1	::1
1778195767.700658000	134					55039	1883										::1	::1
1778195767.700701000	64					1883	55039										::1	::1
1778195767.702117000	134					55039	1883										::1	::1
1778195767.702174000	64					1883	55039										::1	::1
1778195767.703758000	134					55039	1883										::1	::1
1778195767.703798000	64					1883	55039										::1	::1
1778195767.705280000	134					55039	1883										::1	::1
1778195767.705313000	64					1883	55039										::1	::1
1778195767.707228000	134					55039	1883										::1	::1
1778195767.707251000	64					1883	55039										::1	::1
1778195767.708762000	134					55039	1883										::1	::1
1778195767.708783000	64					1883	55039										::1	::1
1778195767.710848000	134					55039	1883										::1	::1
1778195767.710876000	64					1883	55039										::1	::1
1778195767.712342000	134					55039	1883										::1	::1
1778195767.712367000	64					1883	55039										::1	::1
1778195767.714486000	134					55039	1883										::1	::1
1778195767.714523000	64					1883	55039										::1	::1
1778195767.715892000	134					55039	1883										::1	::1
1778195767.715927000	64					1883	55039										::1	::1
1778195767.717961000	134					55039	1883										::1	::1
1778195767.718009000	64					1883	55039										::1	::1
1778195767.719466000	134					55039	1883										::1	::1
1778195767.719506000	64					1883	55039										::1	::1
1778195767.720978000	134					55039	1883										::1	::1
1778195767.721022000	64					1883	55039										::1	::1
1778195767.722539000	134					55039	1883										::1	::1
1778195767.722588000	64					1883	55039										::1	::1
1778195767.724028000	134					55039	1883										::1	::1
1778195767.724077000	64					1883	55039										::1	::1
1778195767.726544000	134					55039	1883										::1	::1
1778195767.726591000	64					1883	55039										::1	::1
1778195767.728142000	134					55039	1883										::1	::1
1778195767.728218000	64					1883	55039										::1	::1
1778195767.729962000	134					55039	1883										::1	::1
1778195767.729999000	64					1883	55039										::1	::1
1778195767.731305000	134					55039	1883										::1	::1
1778195767.731351000	64					1883	55039										::1	::1
1778195767.733951000	134					55039	1883										::1	::1
1778195767.734033000	64					1883	55039										::1	::1
1778195767.735626000	134					55039	1883										::1	::1
1778195767.735665000	64					1883	55039										::1	::1
1778195767.737225000	134					55039	1883										::1	::1
1778195767.737259000	64					1883	55039										::1	::1
1778195767.738555000	134					55039	1883										::1	::1
1778195767.738593000	64					1883	55039										::1	::1
1778195767.741313000	134					55039	1883										::1	::1
1778195767.741366000	64					1883	55039										::1	::1
1778195767.743334000	134					55039	1883										::1	::1
1778195767.743383000	64					1883	55039										::1	::1
1778195767.744678000	134					55039	1883										::1	::1
1778195767.744728000	64					1883	55039										::1	::1
1778195767.746041000	134					55039	1883										::1	::1
1778195767.746095000	64					1883	55039										::1	::1
1778195767.747510000	134					55039	1883										::1	::1
1778195767.747555000	64					1883	55039										::1	::1
1778195767.748981000	134					55039	1883										::1	::1
1778195767.749017000	64					1883	55039										::1	::1
1778195767.751692000	134					55039	1883										::1	::1
1778195767.751732000	64					1883	55039										::1	::1
1778195767.753196000	134					55039	1883										::1	::1
1778195767.753246000	64					1883	55039										::1	::1
1778195767.755039000	134					55039	1883										::1	::1
1778195767.755082000	64					1883	55039										::1	::1
1778195767.756533000	134					55039	1883										::1	::1
1778195767.756570000	64					1883	55039										::1	::1
1778195767.758055000	134					55039	1883										::1	::1
1778195767.758086000	64					1883	55039										::1	::1
1778195767.759724000	134					55039	1883										::1	::1
1778195767.759756000	64					1883	55039										::1	::1
1778195767.761621000	134					55039	1883										::1	::1
1778195767.761670000	64					1883	55039										::1	::1
1778195767.763068000	134					55039	1883										::1	::1
1778195767.763088000	64					1883	55039										::1	::1
1778195767.765107000	134					55039	1883										::1	::1
1778195767.765131000	64					1883	55039										::1	::1
1778195767.766859000	134					55039	1883										::1	::1
1778195767.766930000	64					1883	55039										::1	::1
1778195767.768694000	134					55039	1883										::1	::1
1778195767.768731000	64					1883	55039										::1	::1
1778195767.770109000	134					55039	1883										::1	::1
1778195767.770141000	64					1883	55039										::1	::1
1778195767.771649000	134					55039	1883										::1	::1
1778195767.771676000	64					1883	55039										::1	::1
1778195767.773130000	134					55039	1883										::1	::1
1778195767.773145000	64					1883	55039										::1	::1
1778195767.775324000	134					55039	1883										::1	::1
1778195767.775363000	64					1883	55039										::1	::1
1778195767.777307000	134					55039	1883										::1	::1
1778195767.777324000	64					1883	55039										::1	::1
1778195767.778839000	134					55039	1883										::1	::1
1778195767.778854000	64					1883	55039										::1	::1
1778195767.780854000	134					55039	1883										::1	::1
1778195767.780873000	64					1883	55039										::1	::1
1778195767.782383000	134					55039	1883										::1	::1
1778195767.782400000	64					1883	55039										::1	::1
1778195767.784568000	134					55039	1883										::1	::1
1778195767.784605000	64					1883	55039										::1	::1
1778195767.785924000	134					55039	1883										::1	::1
1778195767.785957000	64					1883	55039										::1	::1
1778195767.787403000	134					55039	1883										::1	::1
1778195767.787436000	64					1883	55039										::1	::1
1778195767.788881000	134					55039	1883										::1	::1
1778195767.788897000	64					1883	55039										::1	::1
1778195767.791035000	134					55039	1883										::1	::1
1778195767.791058000	64					1883	55039										::1	::1
1778195767.792555000	134					55039	1883										::1	::1
1778195767.792584000	64					1883	55039										::1	::1
1778195767.794127000	134					55039	1883										::1	::1
1778195767.794171000	64					1883	55039										::1	::1
1778195767.796097000	134					55039	1883										::1	::1
1778195767.796133000	64					1883	55039										::1	::1
1778195767.797617000	134					55039	1883										::1	::1
1778195767.797645000	64					1883	55039										::1	::1
1778195767.799648000	134					55039	1883										::1	::1
1778195767.799691000	64					1883	55039										::1	::1
1778195767.801052000	134					55039	1883										::1	::1
1778195767.801102000	64					1883	55039										::1	::1
1778195767.802457000	134					55039	1883										::1	::1
1778195767.802495000	64					1883	55039										::1	::1
1778195767.803881000	134					55039	1883										::1	::1
1778195767.803915000	64					1883	55039										::1	::1
1778195767.805362000	134					55039	1883										::1	::1
1778195767.805397000	64					1883	55039										::1	::1
1778195767.806834000	134					55039	1883										::1	::1
1778195767.806863000	64					1883	55039										::1	::1
1778195767.808376000	134					55039	1883										::1	::1
1778195767.808409000	64					1883	55039										::1	::1
1778195767.809878000	134					55039	1883										::1	::1
1778195767.809907000	64					1883	55039										::1	::1
1778195767.811905000	134					55039	1883										::1	::1
1778195767.811937000	64					1883	55039										::1	::1
1778195767.813398000	134					55039	1883										::1	::1
1778195767.813434000	64					1883	55039										::1	::1
1778195767.815419000	134					55039	1883										::1	::1
1778195767.815447000	64					1883	55039										::1	::1
1778195767.816859000	134					55039	1883										::1	::1
1778195767.816898000	64					1883	55039										::1	::1
1778195767.818248000	134					55039	1883										::1	::1
1778195767.818295000	64					1883	55039										::1	::1
1778195767.819892000	134					55039	1883										::1	::1
1778195767.819936000	64					1883	55039										::1	::1
1778195767.821303000	134					55039	1883										::1	::1
1778195767.821343000	64					1883	55039										::1	::1
1778195767.822769000	134					55039	1883										::1	::1
1778195767.822795000	64					1883	55039										::1	::1
1778195767.824295000	134					55039	1883										::1	::1
1778195767.824336000	64					1883	55039										::1	::1
1778195767.825813000	134					55039	1883										::1	::1
1778195767.825856000	64					1883	55039										::1	::1
1778195767.827817000	134					55039	1883										::1	::1
1778195767.827851000	64					1883	55039										::1	::1
1778195767.829306000	134					55039	1883										::1	::1
1778195767.829332000	64					1883	55039										::1	::1
1778195767.831370000	134					55039	1883										::1	::1
1778195767.831411000	64					1883	55039										::1	::1
1778195767.832864000	134					55039	1883										::1	::1
1778195767.832894000	64					1883	55039										::1	::1
1778195767.834364000	134					55039	1883										::1	::1
1778195767.834394000	64					1883	55039										::1	::1
1778195767.835941000	134					55039	1883										::1	::1
1778195767.835990000	64					1883	55039										::1	::1
1778195767.837450000	134					55039	1883										::1	::1
1778195767.837497000	64					1883	55039										::1	::1
1778195767.838980000	134					55039	1883										::1	::1
1778195767.839025000	64					1883	55039										::1	::1
1778195767.840393000	134					55039	1883										::1	::1
1778195767.840425000	64					1883	55039										::1	::1
1778195767.841930000	134					55039	1883										::1	::1
1778195767.841977000	64					1883	55039										::1	::1
1778195767.843928000	134					55039	1883										::1	::1
1778195767.843991000	64					1883	55039										::1	::1
1778195767.845307000	134					55039	1883										::1	::1
1778195767.845343000	64					1883	55039										::1	::1
1778195767.846825000	134					55039	1883										::1	::1
1778195767.846852000	64					1883	55039										::1	::1
1778195767.848858000	134					55039	1883										::1	::1
1778195767.848898000	64					1883	55039										::1	::1
1778195767.850325000	134					55039	1883										::1	::1
1778195767.850360000	64					1883	55039										::1	::1
1778195767.851819000	134					55039	1883										::1	::1
1778195767.851859000	64					1883	55039										::1	::1
1778195767.853355000	134					55039	1883										::1	::1
1778195767.853386000	64					1883	55039										::1	::1
1778195767.854676000	134					55039	1883										::1	::1
1778195767.854728000	64					1883	55039										::1	::1
1778195767.856160000	134					55039	1883										::1	::1
1778195767.856187000	64					1883	55039										::1	::1
1778195767.857445000	134					55039	1883										::1	::1
1778195767.857465000	64					1883	55039										::1	::1
1778195767.858987000	134					55039	1883										::1	::1
1778195767.859024000	64					1883	55039										::1	::1
1778195767.860437000	134					55039	1883										::1	::1
1778195767.860477000	64					1883	55039										::1	::1
1778195767.861968000	134					55039	1883										::1	::1
1778195767.862009000	64					1883	55039										::1	::1
1778195767.863967000	134					55039	1883										::1	::1
1778195767.863999000	64					1883	55039										::1	::1
1778195767.865569000	134					55039	1883										::1	::1
1778195767.865600000	64					1883	55039										::1	::1
1778195767.867036000	134					55039	1883										::1	::1
1778195767.867077000	64					1883	55039										::1	::1
1778195767.868377000	134					55039	1883										::1	::1
1778195767.868417000	64					1883	55039										::1	::1
1778195767.869764000	134					55039	1883										::1	::1
1778195767.869796000	64					1883	55039										::1	::1
1778195767.871072000	134					55039	1883										::1	::1
1778195767.871121000	64					1883	55039										::1	::1
1778195767.872557000	134					55039	1883										::1	::1
1778195767.872591000	64					1883	55039										::1	::1
1778195767.874100000	134					55039	1883										::1	::1
1778195767.874137000	64					1883	55039										::1	::1
1778195767.876135000	134					55039	1883										::1	::1
1778195767.876174000	64					1883	55039										::1	::1
1778195767.877637000	134					55039	1883										::1	::1
1778195767.877671000	64					1883	55039										::1	::1
1778195767.879646000	134					55039	1883										::1	::1
1778195767.879679000	64					1883	55039										::1	::1
1778195767.881167000	134					55039	1883										::1	::1
1778195767.881202000	64					1883	55039										::1	::1
1778195767.883331000	134					55039	1883										::1	::1
1778195767.883382000	64					1883	55039										::1	::1
1778195767.885249000	134					55039	1883										::1	::1
1778195767.885297000	64					1883	55039										::1	::1
1778195767.887359000	134					55039	1883										::1	::1
1778195767.887411000	64					1883	55039										::1	::1
1778195767.889074000	134					55039	1883										::1	::1
1778195767.889111000	64					1883	55039										::1	::1
1778195767.890589000	134					55039	1883										::1	::1
1778195767.890630000	64					1883	55039										::1	::1
1778195767.892042000	134					55039	1883										::1	::1
1778195767.892077000	64					1883	55039										::1	::1
1778195767.893298000	134					55039	1883										::1	::1
1778195767.893334000	64					1883	55039										::1	::1
1778195767.894760000	134					55039	1883										::1	::1
1778195767.894788000	64					1883	55039										::1	::1
1778195767.896381000	134					55039	1883										::1	::1
1778195767.896428000	64					1883	55039										::1	::1
1778195767.897881000	134					55039	1883										::1	::1
1778195767.897913000	64					1883	55039										::1	::1
1778195767.899549000	134					55039	1883										::1	::1
1778195767.899579000	64					1883	55039										::1	::1
1778195767.901689000	134					55039	1883										::1	::1
1778195767.901738000	64					1883	55039										::1	::1
1778195767.903432000	134					55039	1883										::1	::1
1778195767.903489000	64					1883	55039										::1	::1
1778195767.904955000	134					55039	1883										::1	::1
1778195767.905006000	64					1883	55039										::1	::1
1778195767.906565000	134					55039	1883										::1	::1
1778195767.906605000	64					1883	55039										::1	::1
1778195767.908096000	134					55039	1883										::1	::1
1778195767.908130000	64					1883	55039										::1	::1
1778195767.910124000	134					55039	1883										::1	::1
1778195767.910158000	64					1883	55039										::1	::1
1778195767.911621000	134					55039	1883										::1	::1
1778195767.911654000	64					1883	55039										::1	::1
1778195767.913609000	134					55039	1883										::1	::1
1778195767.913643000	64					1883	55039										::1	::1
1778195767.914963000	134					55039	1883										::1	::1
1778195767.914994000	64					1883	55039										::1	::1
1778195767.916496000	134					55039	1883										::1	::1
1778195767.916527000	64					1883	55039										::1	::1
1778195767.917876000	134					55039	1883										::1	::1
1778195767.917908000	64					1883	55039										::1	::1
1778195767.919688000	134					55039	1883										::1	::1
1778195767.919726000	64					1883	55039										::1	::1
1778195767.920995000	134					55039	1883										::1	::1
1778195767.921041000	64					1883	55039										::1	::1
1778195767.922838000	134					55039	1883										::1	::1
1778195767.922883000	64					1883	55039										::1	::1
1778195767.924543000	134					55039	1883										::1	::1
1778195767.924581000	64					1883	55039										::1	::1
1778195767.926065000	134					55039	1883										::1	::1
1778195767.926100000	64					1883	55039										::1	::1
1778195767.928051000	134					55039	1883										::1	::1
1778195767.928083000	64					1883	55039										::1	::1
1778195767.929381000	134					55039	1883										::1	::1
1778195767.929413000	64					1883	55039										::1	::1
1778195767.931015000	134					55039	1883										::1	::1
1778195767.931061000	64					1883	55039										::1	::1
1778195767.932532000	134					55039	1883										::1	::1
1778195767.932565000	64					1883	55039										::1	::1
1778195767.934864000	134					55039	1883										::1	::1
1778195767.934911000	64					1883	55039										::1	::1
1778195767.936637000	134					55039	1883										::1	::1
1778195767.936685000	64					1883	55039										::1	::1
1778195767.938087000	134					55039	1883										::1	::1
1778195767.938131000	64					1883	55039										::1	::1
1778195767.939558000	134					55039	1883										::1	::1
1778195767.939593000	64					1883	55039										::1	::1
1778195767.941045000	134					55039	1883										::1	::1
1778195767.941084000	64					1883	55039										::1	::1
1778195767.942590000	134					55039	1883										::1	::1
1778195767.942630000	64					1883	55039										::1	::1
1778195767.943950000	134					55039	1883										::1	::1
1778195767.943982000	64					1883	55039										::1	::1
1778195767.945451000	134					55039	1883										::1	::1
1778195767.945480000	64					1883	55039										::1	::1
1778195767.946898000	134					55039	1883										::1	::1
1778195767.946925000	64					1883	55039										::1	::1
1778195767.948207000	134					55039	1883										::1	::1
1778195767.948250000	64					1883	55039										::1	::1
1778195767.949590000	134					55039	1883										::1	::1
1778195767.949624000	64					1883	55039										::1	::1
1778195767.951085000	134					55039	1883										::1	::1
1778195767.951117000	64					1883	55039										::1	::1
1778195767.952823000	134					55039	1883										::1	::1
1778195767.952864000	64					1883	55039										::1	::1
1778195767.954299000	134					55039	1883										::1	::1
1778195767.954343000	64					1883	55039										::1	::1
1778195767.955705000	134					55039	1883										::1	::1
1778195767.955727000	64					1883	55039										::1	::1
1778195767.957190000	134					55039	1883										::1	::1
1778195767.957211000	64					1883	55039										::1	::1
1778195767.958773000	134					55039	1883										::1	::1
1778195767.958803000	64					1883	55039										::1	::1
1778195767.960818000	134					55039	1883										::1	::1
1778195767.960860000	64					1883	55039										::1	::1
1778195767.962275000	134					55039	1883										::1	::1
1778195767.962303000	64					1883	55039										::1	::1
1778195767.963958000	134					55039	1883										::1	::1
1778195767.964005000	64					1883	55039										::1	::1
1778195767.965242000	134					55039	1883										::1	::1
1778195767.965280000	64					1883	55039										::1	::1
1778195767.967224000	134					55039	1883										::1	::1
1778195767.967272000	64					1883	55039										::1	::1
1778195767.969366000	134					55039	1883										::1	::1
1778195767.969411000	64					1883	55039										::1	::1
1778195767.970835000	134					55039	1883										::1	::1
1778195767.970879000	64					1883	55039										::1	::1
1778195767.972316000	134					55039	1883										::1	::1
1778195767.972347000	64					1883	55039										::1	::1
1778195767.973587000	134					55039	1883										::1	::1
1778195767.973630000	64					1883	55039										::1	::1
1778195767.975062000	134					55039	1883										::1	::1
1778195767.975088000	64					1883	55039										::1	::1
1778195767.976610000	134					55039	1883										::1	::1
1778195767.976646000	64					1883	55039										::1	::1
1778195767.978750000	134					55039	1883										::1	::1
1778195767.978832000	64					1883	55039										::1	::1
1778195767.980080000	134					55039	1883										::1	::1
1778195767.980115000	64					1883	55039										::1	::1
1778195767.981489000	134					55039	1883										::1	::1
1778195767.981528000	64					1883	55039										::1	::1
1778195767.983803000	134					55039	1883										::1	::1
1778195767.983858000	64					1883	55039										::1	::1
1778195767.985119000	134					55039	1883										::1	::1
1778195767.985151000	64					1883	55039										::1	::1
1778195767.986400000	134					55039	1883										::1	::1
1778195767.986434000	64					1883	55039										::1	::1
1778195767.988078000	134					55039	1883										::1	::1
1778195767.988113000	64					1883	55039										::1	::1
1778195767.989659000	134					55039	1883										::1	::1
1778195767.989698000	64					1883	55039										::1	::1
1778195767.991140000	134					55039	1883										::1	::1
1778195767.991179000	64					1883	55039										::1	::1
1778195767.993188000	134					55039	1883										::1	::1
1778195767.993222000	64					1883	55039										::1	::1
1778195767.994748000	134					55039	1883										::1	::1
1778195767.994782000	64					1883	55039										::1	::1
1778195767.996265000	134					55039	1883										::1	::1
1778195767.996292000	64					1883	55039										::1	::1
1778195767.997898000	134					55039	1883										::1	::1
1778195767.997953000	64					1883	55039										::1	::1
1778195767.999859000	134					55039	1883										::1	::1
1778195767.999907000	64					1883	55039										::1	::1
1778195768.001685000	134					55039	1883										::1	::1
1778195768.001725000	64					1883	55039										::1	::1
1778195768.003139000	134					55039	1883										::1	::1
1778195768.003175000	64					1883	55039										::1	::1
1778195768.004800000	134					55039	1883										::1	::1
1778195768.004836000	64					1883	55039										::1	::1
1778195768.006280000	134					55039	1883										::1	::1
1778195768.006305000	64					1883	55039										::1	::1
1778195768.007796000	134					55039	1883										::1	::1
1778195768.007821000	64					1883	55039										::1	::1
1778195768.009165000	134					55039	1883										::1	::1
1778195768.009203000	64					1883	55039										::1	::1
1778195768.010545000	134					55039	1883										::1	::1
1778195768.010573000	64					1883	55039										::1	::1
1778195768.012051000	134					55039	1883										::1	::1
1778195768.012069000	64					1883	55039										::1	::1
1778195768.013537000	134					55039	1883										::1	::1
1778195768.013561000	64					1883	55039										::1	::1
1778195768.015620000	134					55039	1883										::1	::1
1778195768.015661000	64					1883	55039										::1	::1
1778195768.017187000	134					55039	1883										::1	::1
1778195768.017251000	64					1883	55039										::1	::1
1778195768.019177000	134					55039	1883										::1	::1
1778195768.019220000	64					1883	55039										::1	::1
1778195768.020686000	134					55039	1883										::1	::1
1778195768.020717000	64					1883	55039										::1	::1
1778195768.022682000	134					55039	1883										::1	::1
1778195768.022725000	64					1883	55039										::1	::1
1778195768.024182000	134					55039	1883										::1	::1
1778195768.024215000	64					1883	55039										::1	::1
1778195768.025822000	134					55039	1883										::1	::1
1778195768.025850000	64					1883	55039										::1	::1
1778195768.027311000	134					55039	1883										::1	::1
1778195768.027334000	64					1883	55039										::1	::1
1778195768.028842000	134					55039	1883										::1	::1
1778195768.028867000	64					1883	55039										::1	::1
1778195768.030917000	134					55039	1883										::1	::1
1778195768.030948000	64					1883	55039										::1	::1
1778195768.032433000	134					55039	1883										::1	::1
1778195768.032455000	64					1883	55039										::1	::1
1778195768.033791000	134					55039	1883										::1	::1
1778195768.033824000	64					1883	55039										::1	::1
1778195768.035328000	134					55039	1883										::1	::1
1778195768.035377000	64					1883	55039										::1	::1
1778195768.036807000	134					55039	1883										::1	::1
1778195768.036854000	64					1883	55039										::1	::1
1778195768.038807000	134					55039	1883										::1	::1
1778195768.038838000	64					1883	55039										::1	::1
1778195768.040288000	134					55039	1883										::1	::1
1778195768.040313000	64					1883	55039										::1	::1
1778195768.041712000	134					55039	1883										::1	::1
1778195768.041738000	64					1883	55039										::1	::1
1778195768.043208000	134					55039	1883										::1	::1
1778195768.043233000	64					1883	55039										::1	::1
1778195768.045275000	134					55039	1883										::1	::1
1778195768.045303000	64					1883	55039										::1	::1
1778195768.046795000	134					55039	1883										::1	::1
1778195768.046818000	64					1883	55039										::1	::1
1778195768.048826000	134					55039	1883										::1	::1
1778195768.048848000	64					1883	55039										::1	::1
1778195768.050373000	134					55039	1883										::1	::1
1778195768.050416000	64					1883	55039										::1	::1
1778195768.052394000	134					55039	1883										::1	::1
1778195768.052436000	64					1883	55039										::1	::1
1778195768.053935000	134					55039	1883										::1	::1
1778195768.053977000	64					1883	55039										::1	::1
1778195768.056021000	134					55039	1883										::1	::1
1778195768.056052000	64					1883	55039										::1	::1
1778195768.058099000	134					55039	1883										::1	::1
1778195768.058125000	64					1883	55039										::1	::1
1778195768.059650000	134					55039	1883										::1	::1
1778195768.059673000	64					1883	55039										::1	::1
1778195768.061711000	134					55039	1883										::1	::1
1778195768.061755000	64					1883	55039										::1	::1
1778195768.063230000	134					55039	1883										::1	::1
1778195768.063258000	64					1883	55039										::1	::1
1778195768.065263000	134					55039	1883										::1	::1
1778195768.065295000	64					1883	55039										::1	::1
1778195768.066767000	134					55039	1883										::1	::1
1778195768.066805000	64					1883	55039										::1	::1
1778195768.068832000	134					55039	1883										::1	::1
1778195768.068864000	64					1883	55039										::1	::1
1778195768.070313000	134					55039	1883										::1	::1
1778195768.070340000	64					1883	55039										::1	::1
1778195768.072413000	134					55039	1883										::1	::1
1778195768.072454000	64					1883	55039										::1	::1
1778195768.074040000	134					55039	1883										::1	::1
1778195768.074081000	64					1883	55039										::1	::1
1778195768.076137000	134					55039	1883										::1	::1
1778195768.076175000	64					1883	55039										::1	::1
1778195768.077746000	134					55039	1883										::1	::1
1778195768.077785000	64					1883	55039										::1	::1
1778195768.079850000	134					55039	1883										::1	::1
1778195768.079889000	64					1883	55039										::1	::1
1778195768.081479000	134					55039	1883										::1	::1
1778195768.081522000	64					1883	55039										::1	::1
1778195768.083479000	134					55039	1883										::1	::1
1778195768.083516000	64					1883	55039										::1	::1
1778195768.085094000	134					55039	1883										::1	::1
1778195768.085151000	64					1883	55039										::1	::1
1778195768.087208000	134					55039	1883										::1	::1
1778195768.087262000	64					1883	55039										::1	::1
1778195768.089416000	134					55039	1883										::1	::1
1778195768.089454000	64					1883	55039										::1	::1
1778195768.090962000	134					55039	1883										::1	::1
1778195768.091002000	64					1883	55039										::1	::1
1778195768.093010000	134					55039	1883										::1	::1
1778195768.093050000	64					1883	55039										::1	::1
1778195768.094570000	134					55039	1883										::1	::1
1778195768.094612000	64					1883	55039										::1	::1
1778195768.096664000	134					55039	1883										::1	::1
1778195768.096702000	64					1883	55039										::1	::1
1778195768.098263000	134					55039	1883										::1	::1
1778195768.098305000	64					1883	55039										::1	::1
1778195768.100286000	134					55039	1883										::1	::1
1778195768.100327000	64					1883	55039										::1	::1
1778195768.101884000	134					55039	1883										::1	::1
1778195768.101933000	64					1883	55039										::1	::1
1778195768.103488000	134					55039	1883										::1	::1
1778195768.103536000	64					1883	55039										::1	::1
1778195768.104865000	134					55039	1883										::1	::1
1778195768.104898000	64					1883	55039										::1	::1
1778195768.106491000	134					55039	1883										::1	::1
1778195768.106524000	64					1883	55039										::1	::1
1778195768.108597000	134					55039	1883										::1	::1
1778195768.108635000	64					1883	55039										::1	::1
1778195768.110154000	134					55039	1883										::1	::1
1778195768.110193000	64					1883	55039										::1	::1
1778195768.112286000	134					55039	1883										::1	::1
1778195768.112324000	64					1883	55039										::1	::1
1778195768.113979000	134					55039	1883										::1	::1
1778195768.114018000	64					1883	55039										::1	::1
1778195768.115914000	134					55039	1883										::1	::1
1778195768.115957000	64					1883	55039										::1	::1
1778195768.118143000	134					55039	1883										::1	::1
1778195768.118183000	64					1883	55039										::1	::1
1778195768.119606000	134					55039	1883										::1	::1
1778195768.119664000	64					1883	55039										::1	::1
1778195768.121372000	134					55039	1883										::1	::1
1778195768.121407000	64					1883	55039										::1	::1
1778195768.123009000	134					55039	1883										::1	::1
1778195768.123046000	64					1883	55039										::1	::1
1778195768.124647000	134					55039	1883										::1	::1
1778195768.124692000	64					1883	55039										::1	::1
1778195768.126540000	134					55039	1883										::1	::1
1778195768.126585000	64					1883	55039										::1	::1
1778195768.128099000	134					55039	1883										::1	::1
1778195768.128129000	64					1883	55039										::1	::1
1778195768.129602000	134					55039	1883										::1	::1
1778195768.129647000	64					1883	55039										::1	::1
1778195768.131092000	134					55039	1883										::1	::1
1778195768.131130000	64					1883	55039										::1	::1
1778195768.132354000	134					55039	1883										::1	::1
1778195768.132387000	64					1883	55039										::1	::1
1778195768.133840000	134					55039	1883										::1	::1
1778195768.133866000	64					1883	55039										::1	::1
1778195768.135360000	134					55039	1883										::1	::1
1778195768.135386000	64					1883	55039										::1	::1
1778195768.136850000	134					55039	1883										::1	::1
1778195768.136885000	64					1883	55039										::1	::1
1778195768.138143000	134					55039	1883										::1	::1
1778195768.138186000	64					1883	55039										::1	::1
1778195768.139649000	134					55039	1883										::1	::1
1778195768.139679000	64					1883	55039										::1	::1
1778195768.141123000	134					55039	1883										::1	::1
1778195768.141161000	64					1883	55039										::1	::1
1778195768.142624000	134					55039	1883										::1	::1
1778195768.142661000	64					1883	55039										::1	::1
1778195768.144283000	134					55039	1883										::1	::1
1778195768.144326000	64					1883	55039										::1	::1
1778195768.145740000	134					55039	1883										::1	::1
1778195768.145781000	64					1883	55039										::1	::1
1778195768.147483000	134					55039	1883										::1	::1
1778195768.147524000	64					1883	55039										::1	::1
1778195768.149149000	134					55039	1883										::1	::1
1778195768.149186000	64					1883	55039										::1	::1
1778195768.150600000	134					55039	1883										::1	::1
1778195768.150631000	64					1883	55039										::1	::1
1778195768.152085000	134					55039	1883										::1	::1
1778195768.152120000	64					1883	55039										::1	::1
1778195768.153639000	134					55039	1883										::1	::1
1778195768.153683000	64					1883	55039										::1	::1
1778195768.155105000	134					55039	1883										::1	::1
1778195768.155127000	64					1883	55039										::1	::1
1778195768.156631000	134					55039	1883										::1	::1
1778195768.156665000	64					1883	55039										::1	::1
1778195768.158072000	134					55039	1883										::1	::1
1778195768.158108000	64					1883	55039										::1	::1
1778195768.159559000	134					55039	1883										::1	::1
1778195768.159599000	64					1883	55039										::1	::1
1778195768.161084000	134					55039	1883										::1	::1
1778195768.161126000	64					1883	55039										::1	::1
1778195768.162797000	134					55039	1883										::1	::1
1778195768.162828000	64					1883	55039										::1	::1
1778195768.164399000	134					55039	1883										::1	::1
1778195768.164441000	64					1883	55039										::1	::1
1778195768.165654000	134					55039	1883										::1	::1
1778195768.165677000	64					1883	55039										::1	::1
1778195768.166868000	134					55039	1883										::1	::1
1778195768.166890000	64					1883	55039										::1	::1
1778195768.168326000	134					55039	1883										::1	::1
1778195768.168357000	64					1883	55039										::1	::1
1778195768.169868000	134					55039	1883										::1	::1
1778195768.169905000	64					1883	55039										::1	::1
1778195768.171553000	134					55039	1883										::1	::1
1778195768.171599000	64					1883	55039										::1	::1
1778195768.173055000	134					55039	1883										::1	::1
1778195768.173083000	64					1883	55039										::1	::1
1778195768.174621000	134					55039	1883										::1	::1
1778195768.174661000	64					1883	55039										::1	::1
1778195768.176417000	134					55039	1883										::1	::1
1778195768.176458000	64					1883	55039										::1	::1
1778195768.177865000	134					55039	1883										::1	::1
1778195768.177895000	64					1883	55039										::1	::1
1778195768.179512000	134					55039	1883										::1	::1
1778195768.179550000	64					1883	55039										::1	::1
1778195768.180942000	134					55039	1883										::1	::1
1778195768.180974000	64					1883	55039										::1	::1
1778195768.182222000	134					55039	1883										::1	::1
1778195768.182259000	64					1883	55039										::1	::1
1778195768.183752000	134					55039	1883										::1	::1
1778195768.183774000	64					1883	55039										::1	::1
1778195768.185443000	134					55039	1883										::1	::1
1778195768.185471000	64					1883	55039										::1	::1
1778195768.186765000	134					55039	1883										::1	::1
1778195768.186792000	64					1883	55039										::1	::1
1778195768.188439000	134					55039	1883										::1	::1
1778195768.188468000	64					1883	55039										::1	::1
1778195768.190131000	134					55039	1883										::1	::1
1778195768.190163000	64					1883	55039										::1	::1
1778195768.191860000	134					55039	1883										::1	::1
1778195768.191892000	64					1883	55039										::1	::1
1778195768.193254000	134					55039	1883										::1	::1
1778195768.193285000	64					1883	55039										::1	::1
1778195768.194917000	134					55039	1883										::1	::1
1778195768.194942000	64					1883	55039										::1	::1
1778195768.196564000	134					55039	1883										::1	::1
1778195768.196596000	64					1883	55039										::1	::1
1778195768.198036000	134					55039	1883										::1	::1
1778195768.198081000	64					1883	55039										::1	::1
1778195768.200070000	134					55039	1883										::1	::1
1778195768.200106000	64					1883	55039										::1	::1
1778195768.201556000	134					55039	1883										::1	::1
1778195768.201587000	64					1883	55039										::1	::1
1778195768.203242000	134					55039	1883										::1	::1
1778195768.203265000	64					1883	55039										::1	::1
1778195768.204772000	134					55039	1883										::1	::1
1778195768.204799000	64					1883	55039										::1	::1
1778195768.206804000	134					55039	1883										::1	::1
1778195768.206838000	64					1883	55039										::1	::1
1778195768.208311000	134					55039	1883										::1	::1
1778195768.208343000	64					1883	55039										::1	::1
1778195768.210215000	134					55039	1883										::1	::1
1778195768.210260000	64					1883	55039										::1	::1
1778195768.211715000	134					55039	1883										::1	::1
1778195768.211750000	64					1883	55039										::1	::1
1778195768.213171000	134					55039	1883										::1	::1
1778195768.213208000	64					1883	55039										::1	::1
1778195768.214599000	134					55039	1883										::1	::1
1778195768.214634000	64					1883	55039										::1	::1
1778195768.215918000	134					55039	1883										::1	::1
1778195768.215954000	64					1883	55039										::1	::1
1778195768.217374000	134					55039	1883										::1	::1
1778195768.217411000	64					1883	55039										::1	::1
1778195768.218902000	134					55039	1883										::1	::1
1778195768.218937000	64					1883	55039										::1	::1
1778195768.220409000	134					55039	1883										::1	::1
1778195768.220449000	64					1883	55039										::1	::1
1778195768.222400000	134					55039	1883										::1	::1
1778195768.222432000	64					1883	55039										::1	::1
1778195768.223967000	134					55039	1883										::1	::1
1778195768.224001000	64					1883	55039										::1	::1
1778195768.226173000	134					55039	1883										::1	::1
1778195768.226213000	64					1883	55039										::1	::1
1778195768.227656000	134					55039	1883										::1	::1
1778195768.227688000	64					1883	55039										::1	::1
1778195768.229156000	134					55039	1883										::1	::1
1778195768.229195000	64					1883	55039										::1	::1
1778195768.230455000	134					55039	1883										::1	::1
1778195768.230488000	64					1883	55039										::1	::1
1778195768.231769000	134					55039	1883										::1	::1
1778195768.231801000	64					1883	55039										::1	::1
1778195768.233324000	134					55039	1883										::1	::1
1778195768.233363000	64					1883	55039										::1	::1
1778195768.234839000	134					55039	1883										::1	::1
1778195768.234872000	64					1883	55039										::1	::1
1778195768.236048000	134					55039	1883										::1	::1
1778195768.236074000	64					1883	55039										::1	::1
1778195768.237588000	134					55039	1883										::1	::1
1778195768.237622000	64					1883	55039										::1	::1
1778195768.239089000	134					55039	1883										::1	::1
1778195768.239119000	64					1883	55039										::1	::1
1778195768.241185000	134					55039	1883										::1	::1
1778195768.241217000	64					1883	55039										::1	::1
1778195768.243251000	134					55039	1883										::1	::1
1778195768.243278000	64					1883	55039										::1	::1
1778195768.244769000	134					55039	1883										::1	::1
1778195768.244788000	64					1883	55039										::1	::1
1778195768.246816000	134					55039	1883										::1	::1
1778195768.246849000	64					1883	55039										::1	::1
1778195768.248340000	134					55039	1883										::1	::1
1778195768.248372000	64					1883	55039										::1	::1
1778195768.250342000	134					55039	1883										::1	::1
1778195768.250378000	64					1883	55039										::1	::1
1778195768.251899000	134					55039	1883										::1	::1
1778195768.251928000	64					1883	55039										::1	::1
1778195768.253430000	134					55039	1883										::1	::1
1778195768.253465000	64					1883	55039										::1	::1
1778195768.254923000	134					55039	1883										::1	::1
1778195768.254955000	64					1883	55039										::1	::1
1778195768.256156000	134					55039	1883										::1	::1
1778195768.256190000	64					1883	55039										::1	::1
1778195768.257400000	134					55039	1883										::1	::1
1778195768.257429000	64					1883	55039										::1	::1
1778195768.258601000	134					55039	1883										::1	::1
1778195768.258634000	64					1883	55039										::1	::1
1778195768.260134000	134					55039	1883										::1	::1
1778195768.260166000	64					1883	55039										::1	::1
1778195768.261638000	134					55039	1883										::1	::1
1778195768.261671000	64					1883	55039										::1	::1
1778195768.263639000	134					55039	1883										::1	::1
1778195768.263663000	64					1883	55039										::1	::1
1778195768.265163000	134					55039	1883										::1	::1
1778195768.265196000	64					1883	55039										::1	::1
1778195768.266674000	134					55039	1883										::1	::1
1778195768.266704000	64					1883	55039										::1	::1
1778195768.267978000	134					55039	1883										::1	::1
1778195768.268007000	64					1883	55039										::1	::1
1778195768.269526000	134					55039	1883										::1	::1
1778195768.269552000	64					1883	55039										::1	::1
1778195768.271131000	134					55039	1883										::1	::1
1778195768.271160000	64					1883	55039										::1	::1
1778195768.272749000	134					55039	1883										::1	::1
1778195768.272778000	64					1883	55039										::1	::1
1778195768.274362000	134					55039	1883										::1	::1
1778195768.274405000	64					1883	55039										::1	::1
1778195768.275865000	134					55039	1883										::1	::1
1778195768.275900000	64					1883	55039										::1	::1
1778195768.277882000	134					55039	1883										::1	::1
1778195768.277907000	64					1883	55039										::1	::1
1778195768.279090000	134					55039	1883										::1	::1
1778195768.279120000	64					1883	55039										::1	::1
1778195768.280718000	134					55039	1883										::1	::1
1778195768.280759000	64					1883	55039										::1	::1
1778195768.282165000	134					55039	1883										::1	::1
1778195768.282197000	64					1883	55039										::1	::1
1778195768.283573000	134					55039	1883										::1	::1
1778195768.283601000	64					1883	55039										::1	::1
1778195768.285016000	134					55039	1883										::1	::1
1778195768.285055000	64					1883	55039										::1	::1
1778195768.286652000	134					55039	1883										::1	::1
1778195768.286681000	64					1883	55039										::1	::1
1778195768.288106000	134					55039	1883										::1	::1
1778195768.288141000	64					1883	55039										::1	::1
1778195768.289500000	134					55039	1883										::1	::1
1778195768.289535000	64					1883	55039										::1	::1
1778195768.291012000	134					55039	1883										::1	::1
1778195768.291046000	64					1883	55039										::1	::1
1778195768.293025000	134					55039	1883										::1	::1
1778195768.293054000	64					1883	55039										::1	::1
1778195768.294521000	134					55039	1883										::1	::1
1778195768.294557000	64					1883	55039										::1	::1
1778195768.296019000	134					55039	1883										::1	::1
1778195768.296048000	64					1883	55039										::1	::1
1778195768.297589000	134					55039	1883										::1	::1
1778195768.297619000	64					1883	55039										::1	::1
1778195768.299152000	134					55039	1883										::1	::1
1778195768.299175000	64					1883	55039										::1	::1
1778195768.300674000	134					55039	1883										::1	::1
1778195768.300701000	64					1883	55039										::1	::1
1778195768.301874000	134					55039	1883										::1	::1
1778195768.301901000	64					1883	55039										::1	::1
1778195768.303370000	134					55039	1883										::1	::1
1778195768.303389000	64					1883	55039										::1	::1
1778195768.304912000	134					55039	1883										::1	::1
1778195768.304932000	64					1883	55039										::1	::1
1778195768.306924000	134					55039	1883										::1	::1
1778195768.306946000	64					1883	55039										::1	::1
1778195768.308452000	134					55039	1883										::1	::1
1778195768.308469000	64					1883	55039										::1	::1
1778195768.310562000	134					55039	1883										::1	::1
1778195768.310595000	64					1883	55039										::1	::1
1778195768.312045000	134					55039	1883										::1	::1
1778195768.312070000	64					1883	55039										::1	::1
1778195768.314125000	134					55039	1883										::1	::1
1778195768.314161000	64					1883	55039										::1	::1
1778195768.315567000	134					55039	1883										::1	::1
1778195768.315595000	64					1883	55039										::1	::1
1778195768.317702000	134					55039	1883										::1	::1
1778195768.317738000	64					1883	55039										::1	::1
1778195768.319178000	134					55039	1883										::1	::1
1778195768.319215000	64					1883	55039										::1	::1
1778195768.321200000	134					55039	1883										::1	::1
1778195768.321235000	64					1883	55039										::1	::1
1778195768.323185000	134					55039	1883										::1	::1
1778195768.323216000	64					1883	55039										::1	::1
1778195768.324675000	134					55039	1883										::1	::1
1778195768.324695000	64					1883	55039										::1	::1
1778195768.326685000	134					55039	1883										::1	::1
1778195768.326705000	64					1883	55039										::1	::1
1778195768.328274000	134					55039	1883										::1	::1
1778195768.328309000	64					1883	55039										::1	::1
1778195768.330313000	134					55039	1883										::1	::1
1778195768.330341000	64					1883	55039										::1	::1
1778195768.331859000	134					55039	1883										::1	::1
1778195768.331889000	64					1883	55039										::1	::1
1778195768.333253000	134					55039	1883										::1	::1
1778195768.333286000	64					1883	55039										::1	::1
1778195768.334650000	134					55039	1883										::1	::1
1778195768.334671000	64					1883	55039										::1	::1
1778195768.336681000	134					55039	1883										::1	::1
1778195768.336713000	64					1883	55039										::1	::1
1778195768.338708000	134					55039	1883										::1	::1
1778195768.338746000	64					1883	55039										::1	::1
1778195768.340193000	134					55039	1883										::1	::1
1778195768.340220000	64					1883	55039										::1	::1
1778195768.342205000	134					55039	1883										::1	::1
1778195768.342236000	64					1883	55039										::1	::1
1778195768.344271000	134					55039	1883										::1	::1
1778195768.344313000	64					1883	55039										::1	::1
1778195768.346263000	134					55039	1883										::1	::1
1778195768.346301000	64					1883	55039										::1	::1
1778195768.348024000	134					55039	1883										::1	::1
1778195768.348065000	64					1883	55039										::1	::1
1778195768.349284000	134					55039	1883										::1	::1
1778195768.349311000	64					1883	55039										::1	::1
1778195768.350840000	134					55039	1883										::1	::1
1778195768.350871000	64					1883	55039										::1	::1
1778195768.352831000	134					55039	1883										::1	::1
1778195768.352853000	64					1883	55039										::1	::1
1778195768.354351000	134					55039	1883										::1	::1
1778195768.354375000	64					1883	55039										::1	::1
1778195768.356376000	134					55039	1883										::1	::1
1778195768.356405000	64					1883	55039										::1	::1
1778195768.357911000	134					55039	1883										::1	::1
1778195768.357939000	64					1883	55039										::1	::1
1778195768.360004000	134					55039	1883										::1	::1
1778195768.360039000	64					1883	55039										::1	::1
1778195768.361466000	134					55039	1883										::1	::1
1778195768.361495000	64					1883	55039										::1	::1
1778195768.363601000	134					55039	1883										::1	::1
1778195768.363631000	64					1883	55039										::1	::1
1778195768.365035000	134					55039	1883										::1	::1
1778195768.365071000	64					1883	55039										::1	::1
1778195768.367053000	134					55039	1883										::1	::1
1778195768.367099000	64					1883	55039										::1	::1
1778195768.368431000	134					55039	1883										::1	::1
1778195768.368470000	64					1883	55039										::1	::1
1778195768.369768000	134					55039	1883										::1	::1
1778195768.369804000	64					1883	55039										::1	::1
1778195768.371289000	134					55039	1883										::1	::1
1778195768.371324000	64					1883	55039										::1	::1
1778195768.373281000	134					55039	1883										::1	::1
1778195768.373314000	64					1883	55039										::1	::1
1778195768.374843000	134					55039	1883										::1	::1
1778195768.374868000	64					1883	55039										::1	::1
1778195768.376849000	134					55039	1883										::1	::1
1778195768.376871000	64					1883	55039										::1	::1
1778195768.379036000	134					55039	1883										::1	::1
1778195768.379071000	64					1883	55039										::1	::1
1778195768.381136000	134					55039	1883										::1	::1
1778195768.381166000	64					1883	55039										::1	::1
1778195768.382625000	134					55039	1883										::1	::1
1778195768.382646000	64					1883	55039										::1	::1
1778195768.384769000	134					55039	1883										::1	::1
1778195768.384814000	64					1883	55039										::1	::1
1778195768.386773000	134					55039	1883										::1	::1
1778195768.386816000	64					1883	55039										::1	::1
1778195768.388691000	134					55039	1883										::1	::1
1778195768.388719000	64					1883	55039										::1	::1
1778195768.390264000	134					55039	1883										::1	::1
1778195768.390301000	64					1883	55039										::1	::1
1778195768.392345000	134					55039	1883										::1	::1
1778195768.392385000	64					1883	55039										::1	::1
1778195768.393959000	134					55039	1883										::1	::1
1778195768.393996000	64					1883	55039										::1	::1
1778195768.396198000	134					55039	1883										::1	::1
1778195768.396235000	64					1883	55039										::1	::1
1778195768.397806000	134					55039	1883										::1	::1
1778195768.397843000	64					1883	55039										::1	::1
1778195768.399945000	134					55039	1883										::1	::1
1778195768.399988000	64					1883	55039										::1	::1
1778195768.401959000	134					55039	1883										::1	::1
1778195768.402008000	64					1883	55039										::1	::1
1778195768.404005000	134					55039	1883										::1	::1
1778195768.404045000	64					1883	55039										::1	::1
1778195768.405907000	134					55039	1883										::1	::1
1778195768.405945000	64					1883	55039										::1	::1
1778195768.407440000	134					55039	1883										::1	::1
1778195768.407486000	64					1883	55039										::1	::1
1778195768.409599000	134					55039	1883										::1	::1
1778195768.409648000	64					1883	55039										::1	::1
1778195768.411138000	134					55039	1883										::1	::1
1778195768.411181000	64					1883	55039										::1	::1
1778195768.413454000	134					55039	1883										::1	::1
1778195768.413492000	64					1883	55039										::1	::1
1778195768.415429000	134					55039	1883										::1	::1
1778195768.415469000	64					1883	55039										::1	::1
1778195768.417407000	134					55039	1883										::1	::1
1778195768.417453000	64					1883	55039										::1	::1
1778195768.419586000	134					55039	1883										::1	::1
1778195768.419626000	64					1883	55039										::1	::1
1778195768.421473000	134					55039	1883										::1	::1
1778195768.421517000	64					1883	55039										::1	::1
1778195768.423472000	134					55039	1883										::1	::1
1778195768.423514000	64					1883	55039										::1	::1
